-- phpMyAdmin SQL Dump
-- version 3.4.10.1
-- http://www.phpmyadmin.net
--
-- Хост: localhost
-- Время создания: Июн 15 2012 г., 04:16
-- Версия сервера: 5.0.95
-- Версия PHP: 5.2.9

SET SQL_MODE="NO_AUTO_VALUE_ON_ZERO";
SET time_zone = "+00:00";


/*!40101 SET @OLD_CHARACTER_SET_CLIENT=@@CHARACTER_SET_CLIENT */;
/*!40101 SET @OLD_CHARACTER_SET_RESULTS=@@CHARACTER_SET_RESULTS */;
/*!40101 SET @OLD_COLLATION_CONNECTION=@@COLLATION_CONNECTION */;
/*!40101 SET NAMES utf8 */;

--
-- База данных: `sevras8_emercom`
--

-- --------------------------------------------------------

--
-- Структура таблицы `locality`
--

CREATE TABLE IF NOT EXISTS `locality` (
  `id` int(11) NOT NULL auto_increment,
  `name` varchar(255) NOT NULL,
  `region` int(11) NOT NULL,
  PRIMARY KEY  (`id`)
) ENGINE=MyISAM  DEFAULT CHARSET=utf8 AUTO_INCREMENT=32 ;

--
-- Дамп данных таблицы `locality`
--

INSERT INTO `locality` (`id`, `name`, `region`) VALUES
(1, 'г. Севастополь', 0),
(2, 'Инкерман', 4),
(3, 'Андреевка', 1),
(4, 'Верхнесадовое', 1),
(5, 'Вишневое', 1),
(6, 'Гончарное', 4),
(7, 'Камышлы', 1),
(8, 'Кача', 1),
(9, 'Колхозное', 4),
(10, 'Новобобровское', 4),
(11, 'Озерное', 4),
(12, 'Орлиное', 4),
(13, 'Орловка', 1),
(14, 'Осипенко', 1),
(15, 'Павловка', 4),
(16, 'Передовое', 4),
(17, 'Пироговка', 1),
(18, 'Поворотное', 1),
(19, 'Подгорное', 4),
(20, 'Полюшко', 1),
(21, 'Резервное', 4),
(22, 'Родниковское', 4),
(23, 'Родное', 4),
(24, 'Россошанка', 4),
(25, 'Солнечный', 1),
(26, 'Терновка', 4),
(27, 'Тыловое', 4),
(28, 'Фронтовое', 1),
(29, 'Фруктовое', 1),
(30, 'Широкое', 4),
(31, 'Любимовка', 1);

-- --------------------------------------------------------

--
-- Структура таблицы `messages`
--

CREATE TABLE IF NOT EXISTS `messages` (
  `id` int(11) NOT NULL auto_increment,
  `text` text NOT NULL,
  `user_id` int(11) NOT NULL,
  `status` enum('N','R','E','S') NOT NULL,
  `date_create` int(11) NOT NULL,
  `date_update` int(11) NOT NULL,
  PRIMARY KEY  (`id`)
) ENGINE=InnoDB DEFAULT CHARSET=utf8 AUTO_INCREMENT=1 ;

-- --------------------------------------------------------

--
-- Структура таблицы `pages`
--

CREATE TABLE IF NOT EXISTS `pages` (
  `id` int(11) NOT NULL auto_increment,
  `parent` int(11) NOT NULL,
  `alias` varchar(255) NOT NULL,
  `title` varchar(255) NOT NULL,
  `text` text NOT NULL,
  `title_ua` varchar(255) NOT NULL,
  `text_ua` text NOT NULL,
  `type` int(2) NOT NULL,
  PRIMARY KEY  (`id`)
) ENGINE=InnoDB  DEFAULT CHARSET=utf8 AUTO_INCREMENT=9 ;

--
-- Дамп данных таблицы `pages`
--

INSERT INTO `pages` (`id`, `parent`, `alias`, `title`, `text`, `title_ua`, `text_ua`, `type`) VALUES
(1, 0, 'useful', 'доступ к публичной информации', '', '', '', 1),
(2, 1, 'rights', 'право на информацию', '', '', '', 1),
(3, 1, 'formzapros', 'форма и порядок подачи запроса', '', '', '', 1),
(4, 1, 'porjadokcopydoc', 'порядок копирования документов', '', '', '', 1),
(5, 0, 'lichnpriem', 'личный прием', '', '', '', 1),
(6, 5, 'priemsgga', 'СГГА', '', '', '', 1),
(7, 5, 'priemrga', 'РГА', '', '', '', 1),
(8, 5, 'priempredprgkh', 'руководители предприятий ЖКХ', 'Севгорводоканал<div><div>Севастопольгаз</div><div><br></div><div>Севтеплоэнерго</div><div><br></div><div>Севэнерго</div>  </div>', '', '', 1);

-- --------------------------------------------------------

--
-- Структура таблицы `region`
--

CREATE TABLE IF NOT EXISTS `region` (
  `id` int(11) NOT NULL auto_increment,
  `name` varchar(255) NOT NULL,
  PRIMARY KEY  (`id`)
) ENGINE=MyISAM  DEFAULT CHARSET=utf8 AUTO_INCREMENT=5 ;

--
-- Дамп данных таблицы `region`
--

INSERT INTO `region` (`id`, `name`) VALUES
(1, 'Нахимовский'),
(2, 'Ленинский'),
(3, 'Гагаринский'),
(4, 'Балаклавский');

-- --------------------------------------------------------

--
-- Структура таблицы `street`
--

CREATE TABLE IF NOT EXISTS `street` (
  `id` int(11) NOT NULL auto_increment,
  `locality` int(4) NOT NULL,
  `region` int(4) NOT NULL,
  `name` varchar(255) NOT NULL,
  PRIMARY KEY  (`id`)
) ENGINE=MyISAM  DEFAULT CHARSET=utf8 AUTO_INCREMENT=1729 ;

--
-- Дамп данных таблицы `street`
--

INSERT INTO `street` (`id`, `locality`, `region`, `name`) VALUES
(1, 1, 1, 'ул. 1-я Бастионная'),
(2, 1, 1, 'ул. 2-я Бастионная'),
(3, 1, 1, 'ул. 3-я Бастионная'),
(4, 1, 1, 'ул. Александера'),
(5, 1, 1, 'ул. Багрия'),
(6, 1, 1, 'ул. Бакуниной'),
(7, 1, 1, 'ул. Баумана'),
(8, 1, 1, 'ул. Белозерская'),
(9, 1, 1, 'ул. Белостокская'),
(10, 1, 1, 'ул. Бирюлёва'),
(11, 1, 1, 'ул. Богданова'),
(12, 1, 1, 'ул. Бородинская'),
(13, 1, 1, 'ул. Брестская'),
(14, 1, 1, 'ул. Брянская'),
(15, 1, 1, 'ул. Будищева'),
(16, 1, 1, 'ул. Буряка'),
(17, 1, 1, 'ул. Бутырская'),
(18, 1, 1, 'ул. Витебская'),
(19, 1, 1, 'ул. Владимирская'),
(20, 1, 2, 'ул. Владимирского'),
(21, 1, 1, 'спуск Водопьянова'),
(22, 1, 1, 'ул. Вологодская'),
(23, 1, 1, 'ул. Волочаевская'),
(24, 1, 1, 'ул. Волынская'),
(25, 1, 2, 'ул. Воронина'),
(26, 1, 2, 'ул. 4-я Бастионная'),
(27, 1, 2, 'ул. 5-я Бастионная'),
(28, 1, 2, 'ул. 6-я Бастионная'),
(29, 1, 2, 'Площадь Восставших'),
(30, 1, 2, 'ул. Белинского'),
(31, 1, 2, 'проезд Белкина'),
(32, 1, 2, 'ул. Бестужева'),
(33, 1, 2, 'ул. Маршала Бирюзова'),
(34, 1, 3, 'ул. Маршала Блюхера'),
(35, 1, 2, 'ул. Большая Морская'),
(36, 1, 2, 'ул. Будённого'),
(37, 1, 2, 'Сквер Бузина'),
(38, 1, 2, 'Переулок Бутакова'),
(39, 1, 2, 'ул. Бутакова'),
(40, 1, 3, 'ул. Вакуленчука'),
(41, 1, 2, 'ул. Ватутина'),
(42, 1, 2, 'ул. Володарского'),
(43, 1, 3, 'ул. Гавена'),
(44, 1, 3, 'проспект Гагарина'),
(45, 1, 3, 'ул. Гайдара'),
(46, 1, 1, 'Галицкий переулок'),
(47, 1, 2, 'ул. Гамарника Яна'),
(48, 1, 1, 'ул. Гармаша Константина'),
(49, 1, 1, 'ул. Гвардейская'),
(50, 1, 1, 'переулок Геннериха'),
(51, 1, 3, 'проезд Героев подводников'),
(52, 1, 1, 'ул. Героев Севастополя'),
(53, 1, 1, 'ул. Герцена'),
(54, 1, 3, 'ул. Глухова'),
(55, 1, 2, 'ул. Гоголя'),
(56, 1, 2, 'ул. Годлевского'),
(57, 1, 2, 'ул. Голубца Ивана'),
(58, 1, 1, 'ул. Горпищенко'),
(59, 1, 1, 'ул. Горького'),
(60, 1, 1, 'ул. Грибоедова'),
(61, 1, 1, 'ул. Громова'),
(62, 1, 2, 'ул. Гусева'),
(63, 1, 1, 'ул. Даши Севастопольской'),
(64, 1, 1, 'ул. 9-го Января'),
(65, 1, 2, 'ул. Декабристов'),
(66, 1, 1, 'ул. Делегатская'),
(67, 1, 2, 'ул. Демидова'),
(68, 1, 2, 'ул. Дерюгиной Жени'),
(69, 1, 1, 'ул. Дзержинского'),
(70, 1, 1, 'ул. Дзигунского Михаила'),
(71, 1, 1, 'ул. Димитрова'),
(72, 1, 1, 'ул. Добролюбова'),
(73, 1, 1, 'ул. Доронина'),
(74, 1, 1, 'Набережная Достоевского'),
(75, 1, 1, 'ул. Драчука'),
(76, 1, 2, 'ул. Дроздова'),
(77, 1, 1, 'ул. Дубинина Володи'),
(78, 1, 2, 'ул. Дундича'),
(79, 1, 3, 'ул. Дыбенко Павла'),
(80, 1, 1, 'ул. Егерская'),
(81, 1, 1, 'ул. Елецкая'),
(82, 1, 3, 'ул. Ерошенко'),
(83, 1, 3, 'ул. Ефремова'),
(84, 1, 2, 'ул. Железнякова'),
(85, 1, 1, 'ул. Жерве'),
(86, 1, 1, 'ул. Загордянского'),
(87, 1, 1, 'ул. Загорулько'),
(88, 1, 1, 'ул. Закамчатская'),
(89, 1, 1, 'площадь Захарова'),
(90, 1, 2, 'ул. Иванова Якова'),
(91, 1, 1, 'ул. Истомина'),
(92, 1, 1, 'ул. Казанская'),
(93, 1, 1, 'ул. Казарского'),
(94, 1, 1, 'ул. Калюжного'),
(95, 1, 1, 'ул.Каманина'),
(96, 1, 2, 'ул. Киянченко'),
(97, 1, 2, 'ул. Ковпака'),
(98, 1, 2, 'ул. Кожанова'),
(99, 1, 2, 'ул. Генерала Коломийца'),
(100, 1, 2, 'набережная Корнилова'),
(101, 1, 2, 'ул. Коробкова'),
(102, 1, 2, 'ул. Короленко'),
(103, 1, 3, 'ул. Корчагина Павла'),
(104, 1, 3, 'ул. Космодемьянской'),
(105, 1, 2, 'ул. Костомаровская'),
(106, 1, 1, 'ул. Костромская'),
(107, 1, 2, 'ул. Котовского'),
(108, 1, 2, 'ул. Кочиева'),
(109, 1, 2, 'ул. Кочубея'),
(110, 1, 2, 'ул. Кошевого Олега'),
(111, 1, 1, 'ул. Матроса Кошки'),
(112, 1, 1, 'ул. Кошубы Дорофея'),
(113, 1, 1, 'ул. Краевой Надежды'),
(114, 1, 3, 'ул. Краснодонцев'),
(115, 1, 1, 'ул. Красносельского'),
(116, 1, 2, 'ул. Генерала Крейзера'),
(117, 1, 3, 'ул. Крупской'),
(118, 1, 2, 'ул. Академика Крылова'),
(119, 1, 3, 'ул. Маршала Крылова'),
(120, 1, 1, 'ул. Кряжева'),
(121, 1, 1, 'ул. Кудюрова'),
(122, 1, 2, 'ул. Кулакова'),
(123, 1, 1, 'ул. Курчатова'),
(124, 1, 2, 'ул. Кучера Василия'),
(125, 1, 1, 'ул. Ладожская'),
(126, 1, 2, 'площадь Лазарева'),
(127, 1, 1, 'ул. Лазаревская'),
(128, 1, 2, 'ул. Лазо Сергея'),
(129, 1, 1, 'площадь Ластовая'),
(130, 1, 1, 'ул. Леваневского'),
(131, 1, 2, 'ул. Ленина'),
(132, 1, 2, 'ул. Лермонтова'),
(133, 1, 1, 'ул. Либкнехта Карла'),
(134, 1, 1, 'ул. Литовская'),
(135, 1, 2, 'ул. Лобанова'),
(136, 1, 2, 'ул. Ломоносова'),
(137, 1, 2, 'ул. Патриса Лумумбы'),
(138, 1, 2, 'ул. Луначарского'),
(139, 1, 1, 'ул. Николая Лунина'),
(140, 1, 1, 'ул. Розы Люксембург'),
(141, 1, 1, 'ул. Мазуренко'),
(142, 1, 2, 'ул. Макаренко'),
(143, 1, 1, 'ул. Адмирала Макарова'),
(144, 2, 4, 'ул. Малиновского'),
(145, 1, 1, 'ул. Малышкина'),
(146, 1, 2, 'ул. Марата'),
(147, 1, 3, 'ул. Александра Матросова'),
(148, 1, 1, 'ул. Матюхина'),
(149, 1, 2, 'ул. Матюшенко'),
(150, 1, 2, 'ул. Маяковского'),
(151, 1, 1, 'ул. Генерала Мельника'),
(152, 1, 1, 'ул. Менделеева'),
(153, 2, 4, 'ул. Менжинского'),
(154, 1, 3, 'ул. Меньшикова'),
(155, 1, 2, 'ул. Мечникова'),
(156, 1, 1, 'ул. Минская'),
(157, 1, 2, 'ул. Панаса Мирного'),
(158, 1, 3, 'ул. Бориса Михайлова'),
(159, 1, 2, 'ул. Мичурина'),
(160, 1, 1, 'ул. Могилевская'),
(161, 1, 1, 'ул. Модлинская'),
(162, 1, 2, 'ул. Мокроусова'),
(163, 1, 1, 'ул. Молокова'),
(164, 1, 3, 'ул. Павлика Морозова'),
(165, 1, 2, 'ул. Николая Музыки'),
(166, 1, 1, 'ул. Муромская'),
(167, 1, 2, 'ул. Наваринская'),
(168, 1, 1, 'ул. Надеждинцев'),
(169, 1, 1, 'ул. Народных ополченцев'),
(170, 1, 2, 'площадь Нахимова'),
(171, 1, 2, 'проспект Нахимова'),
(172, 1, 1, 'ул. Некрасова'),
(173, 1, 2, 'ул. Нефёдова'),
(174, 1, 2, 'ул. Новикова-Прибоя'),
(175, 1, 1, 'ул. Одинцова'),
(176, 1, 2, 'ул. Адмирала Октябрьского'),
(177, 1, 3, 'проспект Октябрьской революции'),
(178, 1, 1, 'Олонецкий переулок'),
(179, 1, 2, 'ул. Нины Ониловой'),
(180, 1, 1, 'ул. Аллы Оношко'),
(181, 1, 2, 'ул. Орджоникидзе'),
(182, 1, 1, 'ул. Орловская'),
(183, 1, 1, 'ул. Николая Островского'),
(184, 1, 3, 'ул. Надежды Островской'),
(185, 1, 2, 'проспект Генерала Острякова'),
(186, 1, 1, 'ул. Охотская'),
(187, 1, 2, 'ул. Очаковцев'),
(188, 1, 2, 'ул. Людмилы Павличенко'),
(189, 1, 1, 'переулок Панфилова'),
(190, 1, 1, 'ул. Папанина'),
(191, 1, 2, 'ул. Пархоменко'),
(192, 1, 1, 'ул. Паршина'),
(193, 1, 1, 'Перекомский переулок'),
(194, 1, 1, 'ул. Переяславская'),
(195, 1, 2, 'ул. Генерала Петрова'),
(196, 1, 2, 'ул. Галины Петровой'),
(197, 1, 1, 'Петровский спуск'),
(198, 1, 2, 'площадь  Пирогова'),
(199, 1, 1, 'ул. Коли Пищенко'),
(200, 1, 1, 'ул. Пластунская'),
(201, 2, 4, 'ул. Погодаева'),
(202, 2, 4, 'ул. Погорелова'),
(203, 1, 1, 'ул. Подольцева'),
(204, 1, 2, 'ул. Пожарова'),
(205, 1, 1, 'ул. Полоцкая'),
(206, 1, 1, 'ул. Полтавская'),
(207, 1, 2, 'ул. Попова'),
(208, 1, 1, 'ул. Потемкинцев'),
(209, 1, 2, 'ул. Галины Прокопенко'),
(210, 1, 1, 'ул. Прутовцев'),
(211, 1, 2, 'ул. Пугачёва'),
(212, 1, 1, 'ул. Пьянзина'),
(213, 1, 2, 'ул. Радищева'),
(214, 2, 4, 'ул. Раенко'),
(215, 1, 1, 'ул. Степана Разина'),
(216, 1, 1, 'площадь Ревякина'),
(217, 1, 1, 'ул. Ревякина'),
(218, 1, 3, 'ул. Репина'),
(219, 1, 1, 'ул. Генерала Родионова'),
(220, 1, 1, 'ул. Романова'),
(221, 1, 2, 'ул. Руднева'),
(222, 1, 2, 'ул. Рябова'),
(223, 1, 2, 'ул. Николая Саввы'),
(224, 1, 2, 'ул. Салтыкова-Щедрина'),
(225, 1, 2, 'ул. Сафронова'),
(226, 1, 2, 'ул. Свердлова'),
(227, 1, 1, 'ул. Севская'),
(228, 1, 1, 'ул. Седова'),
(229, 1, 1, 'ул. Селенгинская'),
(230, 1, 2, 'ул. Сенявина'),
(231, 1, 1, 'ул. Серафимовича'),
(232, 1, 2, 'ул. Сергеева-Ценского'),
(233, 1, 2, 'ул. Сеченова'),
(234, 1, 2, 'ул. Силаева Павла'),
(235, 1, 1, 'ул. Силантьева'),
(236, 1, 2, 'спуск Сильникова'),
(237, 1, 1, 'ул. Симонок'),
(238, 1, 1, 'ул. Синопская'),
(239, 2, 4, 'ул. Скорятина'),
(240, 1, 3, 'ул. Сладкова'),
(241, 1, 1, 'ул. Слепнёва'),
(242, 1, 1, 'ул. Станюковича'),
(243, 1, 2, 'ул. Степаненко'),
(244, 1, 3, 'ул. Степаняна'),
(245, 1, 2, 'ул. Суворова'),
(246, 1, 1, 'ул. Суздальская'),
(247, 1, 2, 'ул. Супруна'),
(248, 1, 1, 'ул. Тарутинская'),
(249, 1, 1, 'ул. Тельмана'),
(250, 1, 2, 'ул. Терещенко'),
(251, 1, 1, 'ул. Тобольская'),
(252, 1, 2, 'ул. Токарева'),
(253, 2, 4, 'ул. Толбухина'),
(254, 1, 2, 'ул. Льва Толстого'),
(255, 1, 1, 'ул. Томская'),
(256, 1, 2, 'ул. Тургенева'),
(257, 1, 1, 'ул. Углицкая'),
(258, 1, 3, 'ул. Леси Украинки'),
(259, 1, 3, 'ул. Дмитрия Ульянова'),
(260, 2, 4, 'ул. Умрихина'),
(261, 1, 2, 'площадь Ушакова'),
(262, 1, 2, 'ул. Федько Ивана'),
(263, 1, 3, 'ул. Адмирала Фадеева'),
(264, 1, 2, 'ул. Федюхина'),
(265, 1, 1, 'ул. Фильченкова'),
(266, 1, 2, 'ул. Фрунзе'),
(267, 1, 2, 'ул. Фурманова'),
(268, 1, 1, 'ул. Халтурина'),
(269, 1, 1, 'ул. Харченко'),
(270, 1, 1, 'ул. Хрулёва'),
(271, 1, 2, 'ул. Хрусталёва'),
(272, 1, 2, 'ул. Генерала Хрюкина'),
(273, 1, 1, 'ул. Цыбулько'),
(274, 1, 1, 'ул. Циолковского'),
(275, 1, 1, 'ул. Цыганкова'),
(276, 1, 3, 'ул. Лизы Чайкиной'),
(277, 1, 2, 'ул. Чапаева'),
(278, 1, 2, 'ул. Частника'),
(279, 1, 1, 'ул. Челюскинцев'),
(280, 1, 1, 'ул. Черниговская'),
(281, 1, 1, 'ул. Чернышевского'),
(282, 1, 2, 'ул. Черцова'),
(283, 1, 1, 'ул. Чесменская'),
(284, 1, 4, 'ул. Четвертакова'),
(285, 1, 1, 'ул. Чехова'),
(286, 1, 2, 'ул. Шабалина'),
(287, 1, 2, 'ул. Шварца'),
(288, 2, 4, 'ул. Шевкопляса'),
(289, 1, 1, 'ул. Шевченко Игнатия'),
(290, 1, 3, 'ул. Шелкунова'),
(291, 1, 2, 'спуск Шестакова'),
(292, 1, 2, 'ул. Шмидта'),
(293, 1, 4, 'ул. Шубикова'),
(294, 1, 2, 'ул. Щербака'),
(295, 1, 1, 'переулок Юферов'),
(296, 1, 2, 'ул. Юдина'),
(297, 1, 3, 'ул. Адмирала Юмашева'),
(298, 1, 2, 'Язоновский переулок'),
(299, 1, 1, 'ул. Якутская'),
(300, 1, 1, 'ул. 10-я Радарная'),
(301, 1, 1, 'ул. 11-я Радарная'),
(302, 1, 4, '12 км автодороги Гончарное-Ялта'),
(303, 1, 1, 'ул. 12-я Радарная'),
(304, 1, 4, '137-й км автодороги Симферополь-Ялта-Севастополь'),
(305, 1, 4, '139-й км автодороги Симферополь-Ялта-Севастополь'),
(306, 1, 1, 'ул. 13-я Радарная'),
(307, 1, 4, '142-й км автодороги Симферополь-Ялта-Севастополь'),
(308, 1, 1, 'ул. 14-я Радарная'),
(309, 1, 4, '15-й км автодороги Танковое-Оборонное'),
(310, 1, 4, '16-й км автодороги Танковое-Оборонное'),
(311, 1, 4, '18-й км автодороги Танковое-Оборонное'),
(312, 1, 1, 'ул. 1-ая Беговая'),
(313, 1, 4, 'ул. 1-ая Живописная'),
(314, 1, 4, 'ул. 1-ая Караньская'),
(315, 1, 1, 'ул. 1-ая Равелинная'),
(316, 1, 2, 'ул. 1-ая Сарандинаки'),
(317, 1, 4, '1-го Мая площадь'),
(318, 1, 3, '1-й Академический переулок'),
(319, 1, 4, '1-й Альпийский переулок'),
(320, 1, 1, '1-й Голландский переулок'),
(321, 1, 3, '1-й Готский проезд'),
(322, 1, 4, '1-й Караньский переулок'),
(323, 1, 4, '1-й км автодороги Родниковое-Передовое'),
(324, 1, 1, '1-й Морской переулок'),
(325, 1, 3, '1-й Орхидейный переулок'),
(326, 1, 3, '1-й Папоротниковый переулок'),
(327, 1, 3, '1-й Планерный переулок'),
(328, 1, 1, '1-й Равелинный переулок'),
(329, 1, 1, '1-й Радарный переулок'),
(330, 1, 3, '1-й Уютный переулок'),
(331, 1, 1, '1-й Фланговый переулок'),
(332, 1, 3, '1-й Хвойный переулок'),
(333, 1, 4, '1-й Хомутов переулок'),
(334, 1, 1, 'ул. 1-я Воронцовская'),
(335, 1, 1, 'ул. 1-я Голландская'),
(336, 1, 3, 'ул. 1-я Дорическая'),
(337, 1, 1, 'ул. 1-я Линия'),
(338, 1, 1, 'ул. 1-я линия Бомбор'),
(339, 1, 3, 'ул. 1-я Милетская'),
(340, 1, 1, 'ул. 1-я Радарная'),
(341, 1, 3, 'ул. 1-я Эдельвейсовая'),
(342, 1, 1, 'ул. 2-ая Беговая'),
(343, 1, 4, 'ул. 2-ая Живописная'),
(344, 1, 4, 'ул. 2-ая Караньская'),
(345, 1, 1, 'ул. 2-ая Равелинная'),
(346, 1, 2, 'ул. 2-ая Сарандинаки'),
(347, 1, 3, '2-й Академический переулок'),
(348, 1, 4, '2-й Альпийский переулок'),
(349, 1, 1, '2-й Голландский переулок'),
(350, 1, 3, '2-й Готский проезд'),
(351, 1, 4, '2-й Караньский переулок'),
(352, 1, 1, '2-й Морской переулок'),
(353, 1, 3, '2-й Орхидейный переулок'),
(354, 1, 3, '2-й Папоротниковый переулок'),
(355, 1, 3, '2-й Планерный переулок'),
(356, 1, 1, '2-й Равелинный переулок'),
(357, 1, 1, '2-й Радарный переулок'),
(358, 1, 3, '2-й Уютный переулок'),
(359, 1, 1, '2-й Фланговый переулок'),
(360, 1, 3, '2-й Хвойный переулок'),
(361, 1, 4, '2-й Хомутов переулок'),
(362, 1, 1, 'ул. 2-я Воронцовская'),
(363, 1, 1, 'ул. 2-я Голландская'),
(364, 1, 3, 'ул. 2-я Дорическая'),
(365, 1, 1, 'ул. 2-я Линия'),
(366, 1, 1, 'ул. 2-я линия Бомбор'),
(367, 1, 3, 'ул. 2-я Милетская'),
(368, 1, 1, 'ул. 2-я Радарная'),
(369, 1, 3, 'ул. 2-я Эдельвейсовая'),
(370, 1, 2, '300-летия Российского флота площадь'),
(371, 1, 4, '30-й км автодороги Танковое-Оборонное'),
(372, 1, 4, '31-й км автодороги Танковое-Оборонное'),
(373, 1, 1, '3-й Голландский переулок'),
(374, 1, 3, '3-й Готский проезд'),
(375, 1, 4, '3-й Караньский переулок'),
(376, 1, 1, '3-й Морской переулок'),
(377, 1, 3, '3-й Орхидейный переулок'),
(378, 1, 1, '3-й Равелинный переулок'),
(379, 1, 1, '3-й Радарный переулок'),
(380, 1, 3, '3-й Уютный переулок'),
(381, 1, 4, '3-й Хомутов переулок'),
(382, 1, 1, 'ул. 3-я Воронцовская'),
(383, 1, 1, 'ул. 3-я Голландская'),
(384, 1, 3, 'ул. 3-я Дорическая'),
(385, 1, 3, 'ул. 3-я Милетская'),
(386, 1, 1, 'ул. 3-я Равелинная'),
(387, 1, 1, 'ул. 3-я Радарная'),
(388, 1, 2, 'ул. 3-я Сарандинаки'),
(389, 1, 3, 'ул. 3-я Эдельвейсовая'),
(390, 1, 4, '40 лет Октября площадь'),
(391, 1, 4, 'ул. 40 лет октября'),
(392, 1, 1, 'ул. 4-ая Равелинная'),
(393, 1, 2, 'ул. 4-ая Сарандинаки'),
(394, 1, 1, '4-й Голландский переулок'),
(395, 1, 1, '4-й Морской переулок'),
(396, 1, 4, '4-й Хомутов переулок'),
(397, 1, 1, 'ул. 4-я Воронцовская'),
(398, 1, 1, 'ул. 4-я Голландская'),
(399, 1, 3, 'ул. 4-я Дорическая'),
(400, 1, 1, 'ул. 4-я Радарная'),
(401, 1, 3, 'ул. 4-я Эдельвейсовая'),
(402, 1, 3, '50-летия СССР площадь'),
(403, 1, 1, 'ул. 5-ая Равелинная'),
(404, 1, 2, 'ул. 5-ая Сарандинаки'),
(405, 1, 2, 'ул. 5-го Декабря'),
(406, 1, 1, '5-й Голландский переулок'),
(407, 1, 4, '5-й Хомутов переулок'),
(408, 1, 1, 'ул. 5-я Голландская'),
(409, 1, 3, 'ул. 5-я Дорическая'),
(410, 1, 1, 'ул. 5-я Радарная'),
(411, 1, 4, '66-й км Национальной автодороги государственного значения общего пользования Н-19 Ялта-Севастополь'),
(412, 1, 1, 'ул. 6-ая Равелинная'),
(413, 1, 1, '6-й Голландский переулок'),
(414, 1, 4, '6-й км автодороги Инкерман от М-26 до М-18'),
(415, 1, 1, 'ул. 6-я Радарная'),
(416, 1, 4, '709 км автодороги Харьков-Симферополь-Севастополь'),
(417, 1, 1, 'ул. 7-ая Равелинная'),
(418, 1, 4, 'ул. 7-го Ноября'),
(419, 1, 1, '7-й Голландский переулок'),
(420, 1, 4, 'ул. 7-я Виноградная'),
(421, 1, 1, 'ул. 7-я Радарная'),
(422, 1, 2, 'ул. 8-го Марта'),
(423, 1, 1, '8-й Голландский переулок'),
(424, 1, 4, '8-й км автодороги Голубинка-Передовое-Широкое'),
(425, 1, 1, 'ул. 8-я Радарная'),
(426, 1, 4, 'ул. 9-го Мая'),
(427, 1, 1, '9-й Голландский переулок'),
(428, 1, 1, 'ул. 9-я Радарная'),
(429, 1, 4, 'ул. Абазы'),
(430, 1, 1, 'ул. Абрикосовая'),
(431, 1, 1, 'Авангардное шоссе'),
(432, 1, 3, 'ул. Августовская'),
(433, 1, 2, 'ул. Авдеева'),
(434, 1, 1, 'ул. Авдеева Лётчика'),
(435, 1, 3, 'ул. Аверченко Писателя'),
(436, 1, 2, 'ул. Авиационная'),
(437, 1, 3, 'ул. Агатовая'),
(438, 1, 4, 'ул. Аграрная'),
(439, 1, 2, 'ул. Адмирала Азарова'),
(440, 1, 2, 'ул. Адмирала Владимирского'),
(441, 1, 4, 'ул. Адмирала Грейга'),
(442, 1, 2, 'Адмирала Клокачева набережная'),
(443, 1, 1, 'ул. Адмирала Клокачева'),
(444, 1, 1, 'ул. Адмирала Кузнецова'),
(445, 1, 1, 'Адмиральский переулок'),
(446, 1, 2, 'ул. Айвазовского'),
(447, 1, 1, 'ул. Айландовая'),
(448, 1, 3, 'ул. Академическая'),
(449, 1, 1, 'ул. Акмолинская'),
(450, 1, 4, 'ул. Аксютина'),
(451, 1, 1, 'ул. Актюбинская'),
(452, 1, 4, 'ул. Акъяр'),
(453, 1, 4, 'ул. Аланская'),
(454, 1, 2, 'ул. Алексакиса'),
(455, 1, 4, 'ул. Алексеева Бориса'),
(456, 1, 1, 'ул. Алексеева Лётчика'),
(457, 1, 2, 'ул. Алуштинская'),
(458, 1, 4, 'ул. Альминская'),
(459, 1, 4, 'ул. Альпийская'),
(460, 1, 4, 'ул. Амурская'),
(461, 1, 4, 'Английский бульвар'),
(462, 1, 2, 'Античный бульвар'),
(463, 1, 3, 'Античный проспект'),
(464, 1, 2, 'ул. Антоненко'),
(465, 1, 2, 'ул. Апошанского'),
(466, 1, 3, 'ул. Апрельская'),
(467, 1, 1, 'Арабатский переулок'),
(468, 1, 3, 'ул. Аргонавтов'),
(469, 1, 4, 'ул. Арефьева'),
(470, 1, 4, 'ул. Арктическая'),
(471, 1, 4, 'Арктический переулок'),
(472, 1, 1, 'ул. Арсенальная'),
(473, 1, 1, 'ул. Артдивизионовская'),
(474, 1, 4, 'Артезианский переулок'),
(475, 1, 1, 'Артиллеристов проезд'),
(476, 1, 1, 'ул. Артиллеристов'),
(477, 1, 2, 'Артюхова Архитектора ул. '),
(478, 1, 2, 'ул. Археологическая'),
(479, 1, 2, 'ул. Арцеулова'),
(480, 1, 3, 'Астапова аллея'),
(481, 1, 1, 'ул. Астраханская'),
(482, 1, 4, 'ул. Афинская'),
(483, 1, 4, 'ул. Ахлестина Степана'),
(484, 1, 4, 'ул. Ахматовой'),
(485, 1, 1, 'ул. Ахтырская'),
(486, 1, 3, 'Аэродромное шоссе'),
(487, 1, 3, 'Аэродромный переулок'),
(488, 1, 3, 'ул. Байкальская'),
(489, 1, 2, 'ул. Бакинская'),
(490, 1, 2, 'Бакинский тупик'),
(491, 1, 2, 'ул. Балаклавская'),
(492, 1, 2, 'Балаклавское шоссе'),
(493, 1, 4, 'ул. Балашова'),
(494, 1, 2, 'ул. Балканская'),
(495, 1, 2, 'ул. Балочная'),
(496, 1, 2, 'ул. Балтийская'),
(497, 1, 4, 'ул. Баркасная'),
(498, 1, 1, 'ул. Барнаульская'),
(499, 1, 4, 'ул. Басистого Адмирала'),
(500, 1, 4, 'ул. Бассейная'),
(501, 1, 2, 'Бастионный проезд'),
(502, 1, 1, 'ул. Батарейная'),
(503, 1, 2, 'ул. Батумская'),
(504, 1, 2, 'ул. Бахчисарайская'),
(505, 1, 4, 'ул. Башенная'),
(506, 1, 1, 'Беговой переулок'),
(507, 1, 1, 'Беговой проезд'),
(508, 1, 4, 'ул. Бедного Демьяна'),
(509, 1, 4, 'ул. Белокаменская'),
(510, 1, 1, 'ул. Бельбекская'),
(511, 1, 1, 'ул. Береговая'),
(512, 1, 3, 'ул. Бертье-Делагарда'),
(513, 1, 2, 'ул. Бирюзовая'),
(514, 1, 2, 'ул. Бисти'),
(515, 1, 4, 'ул. Благодатная'),
(516, 1, 4, 'Благодатный переулок'),
(517, 1, 3, 'ул. Бобковой Людмилы'),
(518, 1, 4, 'Бобровникова Павла ул. '),
(519, 1, 1, 'Богданова проезд'),
(520, 1, 1, 'Богданова тупик'),
(521, 1, 4, 'ул. Богдановская'),
(522, 1, 3, 'ул. Боголепова Композитора'),
(523, 1, 4, 'ул. Божанова Старшины'),
(524, 1, 4, 'ул. Большевистская'),
(525, 1, 3, 'ул. Борисова'),
(526, 1, 3, 'ул. Босфорская'),
(527, 1, 4, 'ул. Ботаническая'),
(528, 1, 2, 'ул. Боцманская'),
(529, 1, 1, 'ул. Братская'),
(530, 1, 1, 'ул. Братьев Микрюковых'),
(531, 1, 4, 'ул. Бригадная'),
(532, 1, 3, 'Бригадный переулок'),
(533, 1, 4, 'ул. Бризовая'),
(534, 1, 1, 'ул. Буковая'),
(535, 1, 1, 'Вагонный тупик'),
(536, 1, 3, 'ул. Валовая'),
(537, 1, 1, 'ул. Варшавская'),
(538, 1, 4, 'ул. Веерная'),
(539, 1, 1, 'ул. Венсана Архитектора'),
(540, 1, 3, 'Вербеновый проезд'),
(541, 1, 2, 'ул. Верещагина'),
(542, 1, 4, 'ул. Верхняя Каракобинская'),
(543, 1, 4, 'ул. Веселая'),
(544, 1, 1, 'ул. Весенняя'),
(545, 1, 4, 'ул. Вечерняя'),
(546, 1, 3, 'ул. Византийская'),
(547, 1, 4, 'ул. Вильямса'),
(548, 1, 4, 'ул. Винницкая'),
(549, 1, 1, 'ул. Вишневая'),
(550, 1, 1, 'ул. Водная'),
(551, 1, 4, 'ул. Водолазкина Танкиста'),
(552, 1, 4, 'Водопроводный переулок'),
(553, 1, 1, 'Водосточный переулок'),
(554, 1, 1, 'ул. Водяницкого'),
(555, 1, 3, 'ул. Военных строителей'),
(556, 1, 1, 'ул. Вокзальная'),
(557, 1, 4, 'ул. Волгоградская'),
(558, 1, 1, 'ул. Волжская'),
(559, 1, 4, 'ул. Волкова Валерия'),
(560, 1, 3, 'ул. Волнистая'),
(561, 1, 4, 'ул. Воркова Сергея'),
(562, 1, 4, 'ул. Воровского'),
(563, 1, 2, 'ул. Воронежская'),
(564, 1, 1, 'ул. Воронина Матвея'),
(565, 1, 2, 'ул. Восставших'),
(566, 1, 3, 'ул. Восточная'),
(567, 1, 4, 'ул. Второй обороны'),
(568, 1, 4, 'ул. Выгонная'),
(569, 1, 2, 'ул. Гарина-Михайловского'),
(570, 1, 1, 'ул. Генерала Жидилова'),
(571, 1, 2, 'ул. Генерала Лебедя'),
(572, 1, 1, 'ул. Генерала Мельника'),
(573, 1, 2, 'Генерала Моргунова шоссе'),
(574, 1, 1, 'ул. Генерала Саймонова'),
(575, 1, 1, 'Геннериха площадь'),
(576, 1, 3, 'ул. Генуэзская'),
(577, 1, 4, 'Генуэзский бульвар'),
(578, 1, 3, 'ул. Гераклейская'),
(579, 1, 3, 'Гераклейский бульвар'),
(580, 1, 3, 'Гераклейский переулок'),
(581, 1, 3, 'ул. Героев Бреста'),
(582, 1, 1, 'ул. Героев Интернационалистов'),
(583, 1, 3, 'ул. Героев подводников'),
(584, 1, 4, 'ул. Героев Революции'),
(585, 1, 3, 'Героев Сталинграда проспект'),
(586, 1, 3, 'Гиацинтовый проезд'),
(587, 1, 2, 'ул. Гидрографическая'),
(588, 1, 4, 'Гидронавтов бульвар'),
(589, 1, 4, 'ул. Глазкова'),
(590, 1, 4, 'Гомеровский бульвар'),
(591, 1, 4, 'ул. Гончарная'),
(592, 1, 2, 'ул. Горная'),
(593, 1, 4, 'Горный переулок'),
(594, 1, 2, 'Городское шоссе'),
(1723, 8, 1, 'ул. Авиаторов'),
(596, 1, 1, 'Госпитальный спуск'),
(597, 1, 3, 'ул. Готская'),
(598, 1, 3, 'Готский переулок'),
(599, 1, 3, 'ул. Градова Петра'),
(600, 1, 2, 'ул. Гражданская'),
(601, 1, 1, 'ул. Гранатная'),
(602, 1, 4, 'ул. Гренадерская'),
(603, 1, 4, 'Грешилова Михаила ул. '),
(604, 1, 1, 'ул. Гриба Лётчика'),
(605, 1, 4, 'ул. Грибная'),
(606, 1, 4, 'Громакова Василия переулок'),
(607, 1, 4, 'ул. Грошева'),
(608, 1, 4, 'ул. Грунской'),
(609, 1, 3, 'ул. Грушевая'),
(610, 1, 4, 'ул. Гумилева'),
(611, 1, 4, 'ул. Гусарская'),
(612, 1, 4, 'ул. Гущина Алексея'),
(613, 1, 4, 'ул. Дагджи'),
(614, 1, 2, 'ул. Дальняя'),
(615, 1, 1, 'ул. Данковская'),
(616, 1, 1, 'Данковский проезд'),
(617, 1, 4, 'ул. Дарвина'),
(618, 1, 4, 'ул. Дарданельская'),
(619, 1, 2, 'ул. Дачная'),
(620, 1, 4, 'ул. Дегтярева Владимира'),
(621, 1, 3, 'ул. Декабрьская'),
(622, 1, 4, 'Декоративный бульвар'),
(623, 1, 4, 'ул. Дельфийская'),
(624, 1, 4, 'ул. Деметринская'),
(625, 1, 1, 'ул. Денисова Лётчика'),
(626, 1, 2, 'Детский переулок'),
(627, 1, 2, 'ул. Джанкойская'),
(628, 1, 4, 'ул. Диорамная'),
(629, 1, 1, 'ул. Днепровская'),
(630, 1, 4, 'ул. Добрая'),
(631, 1, 4, 'ул. Добровольского'),
(632, 1, 4, 'ул. Докучаева'),
(633, 1, 4, 'ул. Долинная'),
(634, 1, 3, 'ул. Донецкая'),
(635, 1, 1, 'ул. Донская'),
(636, 1, 3, 'ул. Дорическая'),
(637, 1, 3, 'Дорический тупик'),
(638, 1, 3, 'ул. Дорожинского'),
(639, 1, 1, 'ул. Дорожная'),
(640, 1, 4, 'ул. Драгунская'),
(641, 1, 4, 'ул. Драпушко'),
(642, 1, 3, 'ул. Древняя'),
(643, 1, 1, 'ул. Дружбы народов'),
(644, 1, 4, 'ул. Дружная'),
(645, 1, 4, 'Дружный переулок'),
(646, 1, 4, 'ул. Дрыгина Анатолия'),
(647, 1, 4, 'Дрыгина Анатолия переулок'),
(648, 1, 4, 'ул. Дубравная'),
(649, 1, 2, 'ул. Дунайская'),
(650, 1, 1, 'Екатерининский сквер'),
(651, 1, 4, 'ул. Еловая'),
(652, 1, 4, 'Еловый проезд'),
(653, 1, 1, 'ул. Ереванская'),
(654, 1, 4, 'ул. Ермака'),
(655, 1, 4, 'ул. Есауленко Летчика'),
(656, 1, 1, 'ул. Ехлакова Николая'),
(657, 1, 1, 'ул. Ешиль-Мале'),
(658, 1, 3, 'ул. Жасминная'),
(659, 1, 1, 'ул. Железнодорожная'),
(660, 1, 1, 'ул. Жемчужная'),
(661, 1, 1, 'Жерве переулок'),
(662, 1, 1, 'Жерве площадь'),
(663, 1, 4, 'ул. Жукова Василия'),
(664, 1, 1, 'ул. Заводская'),
(665, 1, 4, 'ул. Загородная'),
(666, 1, 2, 'ул. Загородная балка'),
(667, 1, 1, 'Залесный переулок'),
(668, 1, 1, 'ул. Западная'),
(669, 1, 3, 'Западный берег Камышовой бухты'),
(670, 1, 1, 'ул. Запорожская'),
(671, 1, 1, 'ул. Запрудная'),
(672, 1, 1, 'ул. Заруцкой Почтальона'),
(673, 1, 1, 'ул. Заря Свободы'),
(674, 1, 1, 'ул. Захаровой Евгении'),
(675, 1, 3, 'Защитников 35-ой батареи аллея'),
(676, 1, 4, 'ул. Звездная'),
(677, 1, 1, 'ул. Зеленая'),
(678, 1, 3, 'Зеленый переулок'),
(679, 1, 4, 'ул. Земкова Александра '),
(680, 1, 1, 'ул. Земляничная'),
(681, 1, 4, 'ул. Зенитная'),
(682, 1, 3, 'Знойный переулок'),
(683, 1, 2, 'ул. Иванова Якова'),
(684, 1, 4, 'ул. Изобильная'),
(685, 1, 2, 'ул. Изумрудная'),
(686, 1, 4, 'ул. Ильина Летчика'),
(687, 1, 3, 'ул. Индустриальная'),
(688, 1, 1, 'ул. Инженерная'),
(689, 1, 1, 'Инженерная балка'),
(690, 1, 1, 'Инженерный переулок'),
(691, 1, 1, 'ул. Инкерманская'),
(692, 1, 4, 'ул. Ионическая'),
(693, 1, 3, 'ул. Ирисовая'),
(694, 1, 4, 'ул. Искристая'),
(695, 1, 4, 'ул. Историческая'),
(696, 1, 2, 'Исторический бульвар'),
(697, 1, 3, 'Июльский переулок'),
(698, 1, 3, 'ул. Июньская'),
(699, 1, 4, 'ул. Кавалерийская'),
(700, 1, 1, 'ул. Кавказская'),
(701, 1, 1, 'Кадетская ул. '),
(702, 1, 3, 'Казачья микрорайон'),
(703, 1, 3, 'Казачья бухта микрорайон'),
(704, 1, 4, 'ул. Каламитская'),
(705, 1, 1, 'ул. Калганова Виктора'),
(706, 1, 4, 'ул. Калича'),
(707, 1, 1, 'ул. Калюжного'),
(708, 1, 1, 'ул. Каманина'),
(709, 1, 1, 'ул. Каменистая'),
(710, 1, 1, 'Каменистый проезд'),
(711, 1, 4, 'ул. Камышловская'),
(712, 1, 3, 'ул. Камышовая'),
(713, 1, 3, 'Камышовое шоссе'),
(714, 1, 4, 'ул. Кананадзе Александра'),
(715, 1, 1, 'ул. Канарёва Лётчика'),
(716, 1, 2, 'ул. Капитанская'),
(717, 1, 4, 'ул. Каптажная'),
(718, 1, 1, 'ул. Карагандинская'),
(719, 1, 3, 'ул. Караимская'),
(720, 1, 2, 'ул. Карантинная'),
(721, 1, 1, 'ул. Каспийская'),
(722, 1, 1, 'Каспийский проезд'),
(723, 1, 1, 'Катальповый переулок'),
(724, 1, 2, 'ул. Катерная'),
(725, 1, 1, 'ул. Каховская'),
(726, 1, 1, 'Качинский тупик'),
(727, 1, 1, 'Качинское шоссе'),
(728, 1, 2, 'ул. Каштановая'),
(729, 1, 4, 'Квартальный проезд'),
(730, 1, 3, 'ул. Кедрина'),
(731, 1, 1, 'ул. Кедровая'),
(732, 1, 2, 'ул. Керченская'),
(733, 1, 3, 'ул. Кесаева Астана'),
(734, 1, 2, 'ул. Киевская'),
(735, 1, 4, 'ул. Кизиловая'),
(736, 1, 1, 'ул. Килевая'),
(737, 1, 1, 'Килен-Балка'),
(738, 1, 3, 'ул. Киммерийская'),
(739, 1, 4, 'ул. Киндюшева Штурмана'),
(740, 1, 1, 'Кипарисовый проезд'),
(741, 1, 4, 'ул. Кирасирская'),
(742, 1, 4, 'ул. Кирова'),
(743, 1, 2, 'ул. Кирпичная'),
(744, 1, 2, 'Кирпичный переулок'),
(745, 1, 4, 'ул. Кирсанова Летчика'),
(746, 1, 3, 'ул. Клеверная'),
(747, 1, 1, 'ул. Кленовая'),
(748, 1, 4, 'ул. Клубная'),
(749, 1, 1, 'ул. Клубничная'),
(750, 1, 1, 'Клубный переулок'),
(751, 1, 4, 'ул. Ключевая'),
(752, 1, 4, 'Ключевой переулок'),
(753, 1, 2, 'ул. Ковалевского'),
(754, 1, 1, 'ул. Кокчетавская'),
(755, 1, 3, 'Колобова проезд'),
(756, 1, 3, 'ул. Колобова'),
(757, 1, 3, 'ул. Колодезная'),
(758, 1, 3, 'Колодезный переулок'),
(759, 1, 1, 'ул. Колодкина Василия'),
(760, 1, 4, 'ул. Колхозная'),
(761, 1, 1, 'ул. Кольская'),
(762, 1, 1, 'Кольский переулок'),
(763, 1, 1, 'ул. Кольцевая'),
(764, 1, 4, 'ул. Комарская'),
(765, 1, 3, 'Комбата Неустроева площадь'),
(766, 1, 4, 'ул. Комдива Ласкина'),
(767, 1, 4, 'Коминтерна переулок'),
(768, 1, 4, 'ул. Коминтерна'),
(769, 1, 4, 'ул. Комиссара Морозова'),
(770, 1, 4, 'Коммунальный переулок'),
(771, 1, 4, 'Коммунаров переулок'),
(772, 1, 4, 'ул. Коммунаров'),
(773, 1, 2, 'ул. Коммунистическая'),
(774, 1, 4, 'Компасный проезд'),
(775, 1, 4, 'ул. Композиторская'),
(776, 1, 1, 'ул. Комсомольская'),
(777, 1, 1, 'ул. Кондукторская'),
(778, 1, 1, 'ул. Кооперативная'),
(779, 1, 1, 'Кооперативный переулок'),
(780, 1, 1, 'ул. Корабельная'),
(781, 1, 1, 'Корабельный тупик'),
(782, 1, 3, 'ул. Коралловая'),
(783, 1, 4, 'Корветный переулок'),
(784, 1, 1, 'Коробейников переулок'),
(785, 1, 2, 'Коробкова проезд'),
(786, 1, 2, 'ул. Короленко'),
(787, 1, 1, 'Короткий тупик'),
(788, 1, 2, 'ул. Корсунская'),
(789, 1, 3, 'ул. Косарева Александра'),
(790, 1, 4, 'ул. Космонавта Волкова'),
(791, 1, 4, 'ул. Космонавта Пацаева'),
(792, 1, 4, 'ул. Космонавтов'),
(793, 1, 2, 'Косогорный переулок'),
(794, 1, 4, 'ул. Костычева'),
(795, 1, 4, 'ул. Котляревского'),
(796, 1, 4, 'ул. Котова Сергея'),
(797, 1, 4, 'ул. Коцюбинского'),
(798, 1, 4, 'ул. Кочнева Константина'),
(799, 1, 2, 'ул. Крайняя'),
(800, 1, 3, 'ул. Красивая'),
(801, 1, 4, 'ул. Красногвардейская'),
(802, 1, 2, 'ул. Краснодарская'),
(803, 1, 2, 'Краснодарский переулок'),
(804, 1, 4, 'ул. Краснознаменная'),
(805, 1, 3, 'ул. Красноперекопская'),
(806, 1, 2, 'Красный спуск'),
(807, 1, 1, 'ул. Крейсерская'),
(808, 1, 1, 'Кременчугский переулок'),
(809, 1, 3, 'Крепостное шоссе'),
(810, 1, 2, 'Крепостной переулок'),
(811, 1, 4, 'ул. Крестовского'),
(812, 1, 2, 'ул. Крестьянская'),
(813, 1, 1, 'Кривой переулок'),
(814, 1, 4, 'ул. Криничная'),
(815, 1, 1, 'Кролевецкого площадь'),
(816, 1, 1, 'ул. Кронштадская'),
(817, 1, 1, 'ул. Кроссовая'),
(818, 1, 4, 'ул. Крошицкого'),
(819, 1, 2, 'ул. Крутая'),
(820, 1, 2, 'ул. Крымская'),
(821, 1, 3, 'ул. Крымчакская'),
(822, 1, 1, 'ул. Кряжева'),
(823, 1, 1, 'ул. Кубанская'),
(824, 1, 4, 'ул. Кудерского Афанасия'),
(825, 1, 1, 'ул. Кузнечная'),
(826, 1, 1, 'Кузнечный переулок'),
(827, 1, 2, 'ул. Куликово поле'),
(828, 1, 4, 'ул. Куприна'),
(829, 1, 2, 'ул. Курганная'),
(830, 1, 1, 'ул. Курортная'),
(831, 1, 1, 'ул. Курская'),
(832, 1, 1, 'Курский переулок'),
(833, 1, 1, 'Курский проезд'),
(834, 1, 1, 'ул. Кустанайская'),
(835, 1, 1, 'Лабораторное шоссе'),
(836, 1, 3, 'Лавандовый проезд'),
(837, 1, 1, 'ул. Лавровая'),
(838, 1, 2, 'ул. Лагерная'),
(839, 1, 1, 'ул. Лагина'),
(840, 1, 1, 'Лазаревский спуск'),
(841, 1, 4, 'ул. Лазурная'),
(842, 1, 1, 'ул. Ландышевая'),
(843, 1, 2, 'ул. Ленинградская'),
(844, 1, 3, 'ул. Леси Украинки'),
(845, 1, 4, 'ул. Лесоводов'),
(846, 1, 3, 'ул. Лесхозная'),
(847, 1, 1, 'ул. Летняя'),
(848, 1, 3, 'ул. Летчиков'),
(849, 1, 3, 'ул. Лещенко Комбата'),
(850, 1, 3, 'ул. Лиговская'),
(851, 1, 1, 'ул. Линкорная'),
(852, 1, 1, 'ул. Липовенко'),
(853, 1, 3, 'ул. Липранди'),
(854, 1, 1, 'ул. Литейная'),
(855, 1, 1, 'ул. Личкатого Ивана'),
(856, 1, 2, 'ул. Лобанова'),
(857, 1, 1, 'ул. Лодочная'),
(858, 1, 4, 'ул. Лозовая'),
(859, 1, 2, 'ул. Лоцманская'),
(860, 1, 4, 'ул. Лукомская'),
(861, 1, 4, 'ул. Лукомского'),
(862, 1, 1, 'ул. Лукулльская'),
(863, 1, 4, 'ул. Лучистая'),
(864, 1, 1, 'ул. Ляпидевского'),
(865, 1, 4, 'ул. Магистральная'),
(866, 1, 4, 'Магистральный переулок'),
(867, 1, 3, 'ул. Майская'),
(868, 1, 2, 'ул. Макаренко'),
(869, 1, 2, 'ул. Маковая'),
(870, 1, 4, 'ул. Малая'),
(871, 1, 3, 'Малиновый переулок'),
(872, 1, 1, 'ул. Малярная'),
(873, 1, 1, 'ул. Мамашайская'),
(874, 1, 4, 'ул. Мамута Мусы'),
(875, 1, 1, 'ул. Мариинская'),
(876, 1, 3, 'ул. Маринеско Александра'),
(877, 1, 3, 'ул. Марсовая'),
(878, 1, 3, 'ул. Мартовская'),
(879, 1, 2, 'ул. Маршала Геловани'),
(880, 1, 1, 'ул. Маслиновая'),
(881, 1, 1, 'ул. Мастерская'),
(882, 1, 2, 'Матросский бульвар'),
(883, 1, 2, 'Матросский переулок'),
(884, 1, 4, 'ул. Матэ Залки'),
(885, 1, 1, 'ул. Мачтовая'),
(886, 1, 1, 'Мачтовый проезд'),
(887, 1, 3, 'ул. Маячная'),
(888, 1, 1, 'ул. Медовая'),
(889, 1, 4, 'ул. Межгорская'),
(890, 1, 2, 'ул. Международная'),
(891, 1, 4, 'Международный переулок'),
(892, 1, 4, 'ул. Междурядная'),
(893, 1, 4, 'Междурядный переулок'),
(894, 1, 2, 'ул. Мелитопольская'),
(895, 1, 4, 'ул. Мельникова'),
(896, 1, 4, 'ул. Мераба'),
(897, 1, 4, 'ул. Механизаторов'),
(898, 1, 3, 'ул. Микоши Владислава'),
(899, 1, 3, 'ул. Милетская'),
(900, 1, 1, 'ул. Миндальная'),
(901, 1, 2, 'ул. Минная'),
(902, 1, 4, 'ул. Мира'),
(903, 1, 1, 'ул. Мирная'),
(904, 1, 1, 'Мирный переулок'),
(905, 1, 4, 'ул. Миронова Валентина'),
(906, 1, 3, 'ул. Митридатская'),
(907, 1, 1, 'ул. Михайловская'),
(908, 1, 2, 'ул. Мичмана Пустовойтенко'),
(909, 1, 2, 'Мичманский переулок'),
(910, 1, 1, 'ул. Мищенко'),
(911, 1, 4, 'ул. Молодогвардейцев'),
(912, 1, 3, 'ул. Молодых строителей'),
(913, 1, 3, 'ул. Молочная'),
(914, 1, 3, 'Молочный переулок'),
(915, 1, 1, 'Монастырское шоссе'),
(916, 1, 1, 'ул. Мордина Лётчика'),
(917, 1, 1, 'ул. Мореходная'),
(918, 1, 1, 'Мореходный переулок'),
(919, 1, 1, 'Мореходный тупик'),
(920, 1, 2, 'ул. Морпортовская'),
(921, 1, 1, 'ул. Морских пехотинцев'),
(922, 1, 4, 'ул. Морской пехоты'),
(923, 1, 2, 'ул. Московская'),
(924, 1, 4, 'ул. Мостовая'),
(925, 1, 1, 'ул. Моховая'),
(926, 1, 4, 'ул. Мраморная'),
(927, 1, 3, 'Мужества площадь'),
(928, 1, 1, 'ул. Мурманская'),
(929, 1, 4, 'ул. Мускатная'),
(930, 1, 4, 'ул. Мусовая'),
(931, 1, 3, 'ул. Муссонная'),
(932, 1, 4, 'Муссонный проезд'),
(933, 1, 3, 'набережная парка Победы'),
(934, 1, 1, 'набережная пляжа "Учкуевка"'),
(935, 1, 4, 'Назукина набережная'),
(936, 1, 4, 'ул. Наклонная'),
(937, 1, 2, 'ул. Народная'),
(938, 1, 1, 'Нарядный переулок'),
(939, 1, 4, 'ул. Невская'),
(940, 1, 4, 'Невский проезд'),
(941, 1, 4, 'ул. Неглинная'),
(942, 1, 4, 'ул. Нежинская'),
(943, 1, 2, 'Неровный тупик'),
(944, 1, 4, 'ул. Нефтяная'),
(945, 1, 4, 'ул. Нечаева'),
(946, 1, 4, 'ул. Нижняя Каракобинская'),
(947, 1, 1, 'ул. Никитская'),
(948, 1, 1, 'ул. Новая'),
(949, 1, 4, 'Новикова переулок'),
(950, 1, 4, 'ул. Новикова'),
(951, 1, 2, 'ул. Новороссийская'),
(952, 1, 2, 'ул. Новоселов'),
(953, 1, 1, 'Новый переулок'),
(954, 1, 4, 'ул. Ноябрьская'),
(955, 1, 4, 'Ноябрьский переулок'),
(956, 1, 3, 'Ноябрьский проезд'),
(957, 1, 1, 'ул. Облепиховая'),
(958, 1, 1, 'ул. Оборонная'),
(959, 1, 1, 'Обрывистый тупик'),
(960, 1, 1, 'Обрядный переулок'),
(961, 1, 4, 'ул. Овощная'),
(962, 1, 1, 'ул. Овражная'),
(963, 1, 2, 'ул. Одесская'),
(964, 1, 4, 'ул. Оздоровительная'),
(965, 1, 4, 'Оздоровительный переулок'),
(966, 1, 4, 'ул. Озерная'),
(967, 1, 3, 'ул. Океанская'),
(968, 1, 4, 'ул. Околичная'),
(969, 1, 1, 'ул. Окопная'),
(970, 1, 1, 'ул. Окружная'),
(971, 1, 3, 'ул. Октябрьская'),
(972, 1, 3, 'ул. Олимпийская'),
(973, 1, 3, 'ул. Ольгинская'),
(974, 1, 2, 'ул. Ольховая'),
(975, 1, 3, 'Опрятный переулок'),
(976, 1, 1, 'ул. Оранжерейная'),
(977, 1, 1, 'ул. Ореховая'),
(978, 1, 1, 'ул. Орта-Мале'),
(979, 1, 2, 'ул. Оружейная'),
(980, 1, 3, 'ул. Орхидейная'),
(981, 1, 3, 'ул. Осадова Эдуарда'),
(982, 1, 2, 'ул. Остен-Сакена'),
(983, 1, 2, 'ул. Отдаленная'),
(984, 1, 3, 'ул. Отрадная'),
(985, 1, 1, 'Отрадный тупик'),
(986, 1, 2, 'Панорамный переулок'),
(987, 1, 3, 'ул. Папоротниковая'),
(988, 1, 1, 'Параллельный переулок'),
(989, 1, 3, 'ул. Парашютная'),
(990, 1, 1, 'Парижский бульвар'),
(991, 1, 3, 'ул. Парковая'),
(992, 1, 4, 'ул. Парниковая'),
(993, 1, 2, 'ул. Партизанская'),
(994, 1, 4, 'ул. Парусная'),
(995, 1, 1, 'ул. Пасечная'),
(996, 1, 1, 'Пасечный переулок'),
(997, 1, 1, 'Пасечный проезд'),
(998, 1, 4, 'ул. Паустовского'),
(999, 1, 4, 'ул. Паши Ангелиной'),
(1000, 1, 2, 'ул. Перевальная');

-- --------------------------------------------------------

--
-- Структура таблицы `users`
--

CREATE TABLE IF NOT EXISTS `users` (
  `id` int(11) NOT NULL auto_increment,
  `login` varchar(255) NOT NULL,
  `password` varchar(32) NOT NULL,
  `name` varchar(255) NOT NULL,
  `role` enum('user','admin') NOT NULL,
  `phone` varchar(255) NOT NULL,
  `date_create` int(11) NOT NULL,
  `date_login` int(11) NOT NULL,
  `active` int(1) NOT NULL,
  `region_id` int(11) NOT NULL,
  `street_id` int(11) NOT NULL,
  `house` int(11) NOT NULL,
  `housing` varchar(5) NOT NULL,
  `flat` int(11) NOT NULL,
  `porch` int(11) NOT NULL,
  PRIMARY KEY  (`id`)
) ENGINE=InnoDB  DEFAULT CHARSET=utf8 AUTO_INCREMENT=2 ;

--
-- Дамп данных таблицы `users`
--

INSERT INTO `users` (`id`, `login`, `password`, `name`, `role`, `phone`, `date_create`, `date_login`, `active`, `region_id`, `street_id`, `house`, `housing`, `flat`, `porch`) VALUES
(1, 'admin', '21232f297a57a5a743894a0e4a801fc3', 'test', 'admin', '12434', 120000, 0, 1, 0, 0, 0, '0', 0, 0);

/*!40101 SET CHARACTER_SET_CLIENT=@OLD_CHARACTER_SET_CLIENT */;
/*!40101 SET CHARACTER_SET_RESULTS=@OLD_CHARACTER_SET_RESULTS */;
/*!40101 SET COLLATION_CONNECTION=@OLD_COLLATION_CONNECTION */;
